Path,Title,Parent
/Academics,Academics,Yes
/Academics/CourseCatalog,Course Catalog,
/Academics/CourseCatalog/Undergraduate,Undergraduate Catalog,
/Academics/CourseCatalog/Graduate,Graduate Catalog,
/Academics/Tutoring,Tutoring,
/Academics/Tutoring/Writing,Writing,
/Academics/Tutoring/Biology,Biology,
/Academics/Tutoring/ESL,ESL,
/Academics/Tutoring/Math,Math,
/Academics/Tutoring/Statistics,Statistics,
/Academics/Tutoring/Chemistry,Chemistry,
/Academics/Tutoring/Physics,Physics,
/Academics/Advising,Advising,
/Academics/Advising/Nursing,Nursing,
/Academics/Advising/Business,Business,
/Academics/Advising/Education,Education,
/Academics/Registration,Registration,
/Academics/Library,Library,
/Academics/OnlineEducation,Online Education,
/Academics/AcademicCalendar,Academic Calendar,
/Academics/HonorsProgram,Honors Program,
/Academics/ContinuingEducation,Continuing Education,
/StudentServices,Student Services,Yes
/StudentServices/DisabilityServices,Disability Services,
/StudentServices/CareerServices,Career Services,
/StudentServices/Counseling,Counseling,
/StudentServices/Counseling/PeerMediation,Peer Mediation,
/StudentServices/International,International Education Center,
/StudentServices/Bookstore,Bookstore,
/StudentServices/Mailroom,Mailroom Service,
/StudentServices/Parking,Parking,
/StudentServices/PoliceCampusSafety,Police and Campus Safety,
/StudentLife,Campus and Student Life,Yes
/StudentLife/Organizations,Clubs and Organizations,
/StudentLife/Housing,Housing,
/StudentLife/Dining,Dining,
/StudentLife/StudentGovernment,Student Government,
/StudentLife/Athletics,Athletics,
/StudentLife/HealthFitness,Health and Fitness,
/StudentLife/HealthCenter,Health Center,
/StudentLife/Kavinoky,Kavinoky Theater - Fine and Performing Arts,
/StudentLife/CampusMinistry,Campus Ministry and Volunteer Activities,
/StudentLife/Diversity,Multi-Cultural Affairs and Diversity Initiatives,
/StudentLife/Commuting,Commuting (Commuters and Local),
/StudentLife/OffCampuslife,Off Campus Life,
/FacStaffInfo,Faculty and Staff Information,Yes
/FacStaffInfo/HumanResources,Human Resources,
/FacStaffInfo/HumanResources/Payroll-Benefits,Payroll and Benefits,
/FacStaffInfo/HumanResources/Handbook,Employee Handbook,
/FacStaffInfo/HumanResources/Policies,Policies and Procedures,
/FacStaffInfo/HumanResources/Jobs,Job Openings,
/FacStaffInfo/HumanResources/Wellness,Wellness,
/FacStaffInfo/HumanResources/OSHA,OSHA Statements and Employee Assistance Plans,
/FacStaffInfo/HumanResources/Development,Professional Development,
/FacStaffInfo/HumanResources/NewEmployee,New Employee Information,
/FacStaffInfo/HumanResources/NewEmployee/Orientation,Orientation,
/FacStaffInfo/HumanResources/AdjunctFacultyCenter,Adjunct Faculty Center,
/FacStaffInfo/Marketing-Communications,Marketing and Communications,
/FacStaffInfo/Facilities,Facilities,
/FacStaffInfo/Mailroom,Mailroom,
/Financial,Financial Information,Yes
/Financial/BusinessOffice,Business Office,
/Financial/FinancialAid,Financial Aid,
/Financial/StudentAccounts,Student Accounts,
/Financial/Purchasing,Purchasing Office,
/Financial/Workstudy,Internships and Student Workstudy,
/Financial/Tuition,Tuition and Fees,
/Financial/PaymentPlans,Payment Plans,
/Financial/VeneransBenefits,Veteran Benefits,
/Financial/ManageMyAccount,Manage My Account,
/Financial/ManageMyAccount/ViewBill,View your Bill,
/Financial/ManageMyAccount/SeeFinAid,See your Financial Aid,
/Financial/ManageMyAccount/PayBill,Pay your bill,
/Financial/ManageMyAccount/PaymentOptions,Learn about payment options,
/Financial/ManageMyAccount/MealPlans,Meal Plans,
/Directories,Directories,Yes
/TechnologyServices,Technology Services,Yes
/TechnologyServices/HelpDesk,Help Desk,
/TechnologyServices/PasswordReset,Self-Service Password Reset,
/TechnologyServices/Printing,Printing,
/TechnologyServices/EmergencyAlert,Emergency Alert,
/TechnologyServices/Policy,Policy,
/TechnologyServices/LabsMedia,Labs and Media,
/TechnologyServices/Phones-Conference,Phones and Conference Services,
/TechnologyServices/Tutorials,Training Documents and Tutorials,
/TechnologyServices/APOGEE,Apogee Dorm Technology Support,
/AdultEducation,Adult Education - Evening or Weekend,Yes
